{"appName":"NanDark","appIconPath":"LogoMakerCa-1713871254718.png","splashPath":"Bazaart_20240427_084702_606.png","packageName":"ir.nandark","versionName":"1.0.0","versionCode":1,"isFullscreen":true,"isHideTitleBar":false,"titleBarBackgroundColor":"#3F51B5","isAllowLongClick":true,"isShowLoadingUI":true,"isAllowZoom":true,"isPCMode":false,"isAllowAutoplay":false,"homePage":"index.html","withPHPEnv":true,"PHPPort":57249,"isAllowSwipeRefresh":true,"isAllowCamera":false,"isAllowMicrophone":false,"screenRotationMethod":0}